{"tissue_hires_scalef": 1, "tissue_lowres_scalef": 0.3, "fiducial_diameter_fullres": 23.164749323473337, "spot_diameter_fullres": 14.340082914531113}