{"tissue_hires_scalef": 1, "tissue_lowres_scalef": 0.3, "fiducial_diameter_fullres": 23.154188098353387, "spot_diameter_fullres": 14.333545013266383}